rxn	rxn_kegg	ec_code	direction	substrates_name	substrates_kegg	products_name	products_kegg	genes	uniprot	catalytic_enzyme	warning_ec	warning_enz	kcat	matching_score	kcat_substrate	kcat_organism	kcat_enzyme	kcat_temperature	kcat_ph	kcat_variant	kcat_db	kcat_id_percent	kcat_organism_score	processed
PFK		2.7.1.11	forward	ATP C10H12N5O13P3;D-Fructose 6-phosphate	C00002;C05345	ADP C10H12N5O10P2;D-Fructose 1,6-bisphosphate;H+	C00008;C00354;C00080	b3916	P0A796	P0A796			88.0	1	fructose 6-phosphate	Escherichia coli	P0A796	30.0	7.2		brenda	100.0	0.0	True
PFK		2.7.1.11	forward	ATP C10H12N5O13P3;D-Fructose 6-phosphate	C00002;C05345	ADP C10H12N5O10P2;D-Fructose 1,6-bisphosphate;H+	C00008;C00354;C00080	b1723	P06999	P06999			61.0	2	ATP;D-Fructose 6-phosphate	Escherichia coli	P06999	25.0	8.2	wildtype	sabio_rk	100.0	0.0	True
PFL	R00212	2.3.1.54	forward	Coenzyme A;Pyruvate	C00010;C00022	Acetyl-CoA;Formate	C00024;C00058	b0902;b0903;b2579	P68066;P0A9N4;P09373	P09373			12.8	8	pyruvate	Escherichia coli					brenda		0.0	True
PFL	R00212	2.3.1.54	forward	Coenzyme A;Pyruvate	C00010;C00022	Acetyl-CoA;Formate	C00024;C00058	b0902;b0903	P0A9N4;P09373	P09373			12.8	8	pyruvate	Escherichia coli					brenda		0.0	True
PFL	R00212	2.3.1.54	forward	Coenzyme A;Pyruvate	C00010;C00022	Acetyl-CoA;Formate	C00024;C00058	b0902;b3114	P0A9N4;P42632	P42632			12.8	8	pyruvate	Escherichia coli					brenda		0.0	True
PFL	R00212	2.3.1.54	forward	Coenzyme A;Pyruvate	C00010;C00022	Acetyl-CoA;Formate	C00024;C00058	b3951;b3952	P32675;P32674			none	12.8	8	pyruvate	Escherichia coli					brenda		0.0	True
PGI		5.3.1.9	forward	D-Glucose 6-phosphate	C00092	D-Fructose 6-phosphate	C05345	b4025	P0A6T1	P0A6T1			1000.0	5	D-glucose 6-phosphate	Homo sapiens	P06744	30.0	7.5	wildtype	brenda	51.22950819672131	0.0	True
PGI		5.3.1.9	reverse	D-Fructose 6-phosphate	C05345	D-Glucose 6-phosphate	C00092	b4025	P0A6T1	P0A6T1			650.0	5	D-fructose 6-phosphate	Homo sapiens	P06744	30.0	7.5	wildtype	brenda	51.22950819672131	0.0	True
PGK	R01512	2.7.2.3	forward	3-Phospho-D-glycerate;ATP C10H12N5O13P3	C00197;C00002	3-Phospho-D-glyceroyl phosphate;ADP C10H12N5O10P2	C00236;C00008	b2926	P0A799	P0A799			84.7	5	3-phospho-D-glycerate	Chlamydomonas reinhardtii	A8JC04	25.0	7.9	wildtype	brenda	35.19108280254777	0.0	True
PGK	R01512	2.7.2.3	reverse	3-Phospho-D-glyceroyl phosphate;ADP C10H12N5O10P2	C00236;C00008	3-Phospho-D-glycerate;ATP C10H12N5O13P3	C00197;C00002	b2926	P0A799	P0A799			2633.0	7	3-phospho-D-glyceroyl phosphate	Homo sapiens	P00558			wildtype	brenda	32.67326732673267	0.0	True
PGL	R02035	3.1.1.31	forward	6-phospho-D-glucono-1,5-lactone;H2O H2O	C01236;C00001	6-Phospho-D-gluconate;H+	C00345;C00080	b0767	P52697	P52697			14.3	5	H2O;6-Phospho-D-glucono-1,5-lactone	Bos taurus	Q2TBQ8	25.0	7.4	wildtype	sabio_rk	21.694214876033055	0.0	True
ACALD	R00228	1.2.1.10	forward	Acetaldehyde;Coenzyme A;Nicotinamide adenine dinucleotide	C00084;C00010;C00003	Acetyl-CoA;H+;Nicotinamide adenine dinucleotide - reduced	C00024;C00080;C00004	b0351	P77580	P77580			17.2	5	acetaldehyde	Paraburkholderia xenovorans	Q79AF6	25.0	8.0	wildtype	brenda	47.26840855106888	0.0	True
ACALD	R00228	1.2.1.10	reverse	Acetyl-CoA;H+;Nicotinamide adenine dinucleotide - reduced	C00024;C00080;C00004	Acetaldehyde;Coenzyme A;Nicotinamide adenine dinucleotide	C00084;C00010;C00003	b0351	P77580	P77580			17.2	9	acetaldehyde	Paraburkholderia xenovorans	Q79AF6	25.0	8.0	wildtype	brenda	47.26840855106888	0.0	True
ACALD	R00228	1.2.1.10	forward	Acetaldehyde;Coenzyme A;Nicotinamide adenine dinucleotide	C00084;C00010;C00003	Acetyl-CoA;H+;Nicotinamide adenine dinucleotide - reduced	C00024;C00080;C00004	b1241	P0A9Q7	P0A9Q7			17.2	5	Acetaldehyde;Coenzyme A;NAD+	Burkholderia xenovorans LB400	P51015;Q79AF6;P51015	25.0	8.0	wildtype	sabio_rk	20.097087378640776	0.0	True
ACALD	R00228	1.2.1.10	reverse	Acetyl-CoA;H+;Nicotinamide adenine dinucleotide - reduced	C00024;C00080;C00004	Acetaldehyde;Coenzyme A;Nicotinamide adenine dinucleotide	C00084;C00010;C00003	b1241	P0A9Q7	P0A9Q7			17.2	9	Acetaldehyde;Coenzyme A;NAD+	Burkholderia xenovorans LB400	P51015;Q79AF6;P51015	25.0	8.0	wildtype	sabio_rk	20.097087378640776	0.0	True
AKGt2r			forward	2-Oxoglutarate;H+	C00026;C00080	2-Oxoglutarate;H+	C00026;C00080	b2587	P0AEX3	P0AEX3	missing			17										True
AKGt2r			reverse	2-Oxoglutarate;H+	C00026;C00080	2-Oxoglutarate;H+	C00026;C00080	b2587	P0AEX3	P0AEX3	missing			17										True
PGM	R01518	5.4.2.1	forward	D-Glycerate 2-phosphate	C00631	3-Phospho-D-glycerate	C00197	b3612	P37689	P37689	transferred		10.0	0	2-Phospho-D-glycerate	Escherichia coli	P37689	30.0	7.0	wildtype	sabio_rk	100.0	0.0	True
PGM	R01518	5.4.2.1	reverse	3-Phospho-D-glycerate	C00197	D-Glycerate 2-phosphate	C00631	b3612	P37689	P37689	transferred		22.0	0	3-Phospho-D-glycerate	Escherichia coli	P37689	30.0	7.0	wildtype	sabio_rk	100.0	0.0	True
PGM	R01518	5.4.2.1	forward	D-Glycerate 2-phosphate	C00631	3-Phospho-D-glycerate	C00197	b4395	P0A7A2	P0A7A2	transferred			17										True
PGM	R01518	5.4.2.1	reverse	3-Phospho-D-glycerate	C00197	D-Glycerate 2-phosphate	C00631	b4395	P0A7A2	P0A7A2	transferred			17										True
PGM	R01518	5.4.2.1	forward	D-Glycerate 2-phosphate	C00631	3-Phospho-D-glycerate	C00197	b0755	P62707	P62707	transferred		220.0	0	2-Phospho-D-glycerate	Escherichia coli	P62707	30.0	7.0	wildtype	sabio_rk	100.0	0.0	True
PGM	R01518	5.4.2.1	reverse	3-Phospho-D-glycerate	C00197	D-Glycerate 2-phosphate	C00631	b0755	P62707	P62707	transferred		330.0	0	3-Phospho-D-glycerate	Escherichia coli	P62707	30.0	7.0	wildtype	sabio_rk	100.0	0.0	True
PGM	R01518	5.4.2.11	forward	D-Glycerate 2-phosphate	C00631	3-Phospho-D-glycerate	C00197	b3612	P37689	P37689			220.0	5	2-Phospho-D-glycerate	Escherichia coli	P62707	30.0	7.0	wildtype	sabio_rk	20.88607594936709	0.0	True
PGM	R01518	5.4.2.11	reverse	3-Phospho-D-glycerate	C00197	D-Glycerate 2-phosphate	C00631	b3612	P37689	P37689			330.0	5	3-Phospho-D-glycerate	Escherichia coli	P62707	30.0	7.0	wildtype	sabio_rk	20.88607594936709	0.0	True
PGM	R01518	5.4.2.11	forward	D-Glycerate 2-phosphate	C00631	3-Phospho-D-glycerate	C00197	b4395	P0A7A2	P0A7A2			220.0	5	2-Phospho-D-glycerate	Escherichia coli	P62707	30.0	7.0	wildtype	sabio_rk	24.664879356568363	0.0	True
PGM	R01518	5.4.2.11	reverse	3-Phospho-D-glycerate	C00197	D-Glycerate 2-phosphate	C00631	b4395	P0A7A2	P0A7A2			330.0	5	3-Phospho-D-glycerate	Escherichia coli	P62707	30.0	7.0	wildtype	sabio_rk	24.664879356568363	0.0	True
PGM	R01518	5.4.2.11	forward	D-Glycerate 2-phosphate	C00631	3-Phospho-D-glycerate	C00197	b0755	P62707	P62707			220.0	0	2-Phospho-D-glycerate	Escherichia coli	P62707	30.0	7.0	wildtype	sabio_rk	100.0	0.0	True
PGM	R01518	5.4.2.11	reverse	3-Phospho-D-glycerate	C00197	D-Glycerate 2-phosphate	C00631	b0755	P62707	P62707			330.0	0	3-Phospho-D-glycerate	Escherichia coli	P62707	30.0	7.0	wildtype	sabio_rk	100.0	0.0	True
PGM	R01518	5.4.2.12	forward	D-Glycerate 2-phosphate	C00631	3-Phospho-D-glycerate	C00197	b3612	P37689	P37689			10.0	0	2-Phospho-D-glycerate	Escherichia coli	P37689	30.0	7.0	wildtype	sabio_rk	100.0	0.0	True
PGM	R01518	5.4.2.12	reverse	3-Phospho-D-glycerate	C00197	D-Glycerate 2-phosphate	C00631	b3612	P37689	P37689			22.0	0	3-Phospho-D-glycerate	Escherichia coli	P37689	30.0	7.0	wildtype	sabio_rk	100.0	0.0	True
PGM	R01518	5.4.2.12	forward	D-Glycerate 2-phosphate	C00631	3-Phospho-D-glycerate	C00197	b4395	P0A7A2	P0A7A2			10.0	5	2-Phospho-D-glycerate	Escherichia coli	P37689	30.0	7.0	wildtype	sabio_rk	19.50819672131147	0.0	True
PGM	R01518	5.4.2.12	reverse	3-Phospho-D-glycerate	C00197	D-Glycerate 2-phosphate	C00631	b4395	P0A7A2	P0A7A2			950.0	5	3-Phospho-D-glycerate	Triticum aestivum	Q7XYD2	30.0	7.0	wildtype	sabio_rk	20.403022670025187	0.0	True
PGM	R01518	5.4.2.12	forward	D-Glycerate 2-phosphate	C00631	3-Phospho-D-glycerate	C00197	b0755	P62707	P62707			10.0	5	2-Phospho-D-glycerate	Escherichia coli	P37689	30.0	7.0	wildtype	sabio_rk	20.88607594936709	0.0	True
PGM	R01518	5.4.2.12	reverse	3-Phospho-D-glycerate	C00197	D-Glycerate 2-phosphate	C00631	b0755	P62707	P62707			950.0	5	3-Phospho-D-glycerate	Triticum aestivum	Q7XYD2	30.0	7.0	wildtype	sabio_rk	23.02158273381295	0.0	True
PIt2r			forward	H+;Phosphate	C00080;C00009	H+;Phosphate	C00080;C00009	b2987	P43676	P43676	missing			17										True
PIt2r			reverse	H+;Phosphate	C00080;C00009	H+;Phosphate	C00080;C00009	b2987	P43676	P43676	missing			17										True
PIt2r			forward	H+;Phosphate	C00080;C00009	H+;Phosphate	C00080;C00009	b3493	P0AFJ7	P0AFJ7	missing			17										True
PIt2r			reverse	H+;Phosphate	C00080;C00009	H+;Phosphate	C00080;C00009	b3493	P0AFJ7	P0AFJ7	missing			17										True
ALCD2x	R00754	1.1.1.71	forward	Ethanol;Nicotinamide adenine dinucleotide	C00469;C00003	Acetaldehyde;H+;Nicotinamide adenine dinucleotide - reduced	C00084;C00080;C00004	b0356	P25437	P25437			35.1	8	ethanol	Saccharomyces cerevisiae					brenda		0.0	True
ALCD2x	R00754	1.1.1.71	reverse	Acetaldehyde;H+;Nicotinamide adenine dinucleotide - reduced	C00084;C00080;C00004	Ethanol;Nicotinamide adenine dinucleotide	C00469;C00003	b0356	P25437	P25437			240.0	7	acetaldehyde	Acetivibrio thermocellus	A0A0H3W5U9	55.0	7.0	wildtype	brenda	19.88416988416989	0.0	True
ALCD2x	R00754	1.1.1.71	forward	Ethanol;Nicotinamide adenine dinucleotide	C00469;C00003	Acetaldehyde;H+;Nicotinamide adenine dinucleotide - reduced	C00084;C00080;C00004	b1478	P39451	P39451			35.1	8	ethanol	Saccharomyces cerevisiae					brenda		0.0	True
ALCD2x	R00754	1.1.1.71	reverse	Acetaldehyde;H+;Nicotinamide adenine dinucleotide - reduced	C00084;C00080;C00004	Ethanol;Nicotinamide adenine dinucleotide	C00469;C00003	b1478	P39451	P39451			240.0	7	acetaldehyde	Acetivibrio thermocellus	A0A0H3W5U9	55.0	7.0	wildtype	brenda	20.05958291956306	0.0	True
ALCD2x	R00754	1.1.1.71	forward	Ethanol;Nicotinamide adenine dinucleotide	C00469;C00003	Acetaldehyde;H+;Nicotinamide adenine dinucleotide - reduced	C00084;C00080;C00004	b1241	P0A9Q7	P0A9Q7			35.1	8	ethanol	Saccharomyces cerevisiae					brenda		0.0	True
ALCD2x	R00754	1.1.1.71	reverse	Acetaldehyde;H+;Nicotinamide adenine dinucleotide - reduced	C00084;C00080;C00004	Ethanol;Nicotinamide adenine dinucleotide	C00469;C00003	b1241	P0A9Q7	P0A9Q7			240.0	7	acetaldehyde	Acetivibrio thermocellus	A0A0H3W5U9	55.0	7.0	wildtype	brenda	49.49152542372882	0.0	True
ALCD2x	R00754	1.1.1.1	forward	Ethanol;Nicotinamide adenine dinucleotide	C00469;C00003	Acetaldehyde;H+;Nicotinamide adenine dinucleotide - reduced	C00084;C00080;C00004	b0356	P25437	P25437			0.14	5	Ethanol;NAD+	Homo sapiens	P00325	25.0	7.5	wildtype	sabio_rk	37.77777777777778	0.0	True
ALCD2x	R00754	1.1.1.1	reverse	Acetaldehyde;H+;Nicotinamide adenine dinucleotide - reduced	C00084;C00080;C00004	Ethanol;Nicotinamide adenine dinucleotide	C00469;C00003	b0356	P25437	P25437			0.13	5	5beta-Androstane-17beta-ol-3-one;H+;NADH	Homo sapiens	P00326	37.0	7.3	wildtype	sabio_rk	37.269372693726936	0.0	True
ALCD2x	R00754	1.1.1.1	forward	Ethanol;Nicotinamide adenine dinucleotide	C00469;C00003	Acetaldehyde;H+;Nicotinamide adenine dinucleotide - reduced	C00084;C00080;C00004	b1478	P39451	P39451			0.0492121806928701	5	ethanol	Geobacillus stearothermophilus	P42328	32.5	8.0	wildtype	brenda	42.10526315789474	0.0	True
ALCD2x	R00754	1.1.1.1	reverse	Acetaldehyde;H+;Nicotinamide adenine dinucleotide - reduced	C00084;C00080;C00004	Ethanol;Nicotinamide adenine dinucleotide	C00469;C00003	b1478	P39451	P39451			0.13	5	5beta-Androstane-17beta-ol-3-one;H+;NADH	Homo sapiens	P00326	37.0	7.3	wildtype	sabio_rk	27.87769784172662	0.0	True
ALCD2x	R00754	1.1.1.1	forward	Ethanol;Nicotinamide adenine dinucleotide	C00469;C00003	Acetaldehyde;H+;Nicotinamide adenine dinucleotide - reduced	C00084;C00080;C00004	b1241	P0A9Q7	P0A9Q7			1.1	5	Ethanol;NAD+	Macaca mulatta	P28469	30.0	7.3	wildtype	sabio_rk	20.0	0.0	True
ALCD2x	R00754	1.1.1.1	reverse	Acetaldehyde;H+;Nicotinamide adenine dinucleotide - reduced	C00084;C00080;C00004	Ethanol;Nicotinamide adenine dinucleotide	C00469;C00003	b1241	P0A9Q7	P0A9Q7			74.0	5	NADH;Acetaldehyde;H+	Macaca mulatta	P28469	30.0	7.3	wildtype	sabio_rk	20.0	0.0	True
ACKr	R00315	2.7.2.15	forward	Acetate;ATP C10H12N5O13P3	C00033;C00002	Acetyl phosphate;ADP C10H12N5O10P2	C00227;C00008	b3115	P11868	P11868			120.0	6	acetate	Salmonella enterica subsp. enterica serovar Typhimurium	O06961	25.0	7.5		brenda	71.7948717948718	0.0	True
ACKr	R00315	2.7.2.15	reverse	Acetyl phosphate;ADP C10H12N5O10P2	C00227;C00008	Acetate;ATP C10H12N5O13P3	C00033;C00002	b3115	P11868	P11868			120.0	10	acetate	Salmonella enterica subsp. enterica serovar Typhimurium	O06961	25.0	7.5		brenda	71.7948717948718	0.0	True
ACKr	R00315	2.7.2.15	forward	Acetate;ATP C10H12N5O13P3	C00033;C00002	Acetyl phosphate;ADP C10H12N5O10P2	C00227;C00008	b2296	P0A6A3	P0A6A3			120.0	6	acetate	Salmonella enterica subsp. enterica serovar Typhimurium	O06961	25.0	7.5		brenda	36.62691652470187	0.0	True
ACKr	R00315	2.7.2.15	reverse	Acetyl phosphate;ADP C10H12N5O10P2	C00227;C00008	Acetate;ATP C10H12N5O13P3	C00033;C00002	b2296	P0A6A3	P0A6A3			120.0	10	acetate	Salmonella enterica subsp. enterica serovar Typhimurium	O06961	25.0	7.5		brenda	36.62691652470187	0.0	True
ACKr	R00315	2.7.2.15	forward	Acetate;ATP C10H12N5O13P3	C00033;C00002	Acetyl phosphate;ADP C10H12N5O10P2	C00227;C00008	b1849	P33221	P33221			120.0	6	acetate	Salmonella enterica subsp. enterica serovar Typhimurium	O06961	25.0	7.5		brenda	23.29192546583851	0.0	True
ACKr	R00315	2.7.2.15	reverse	Acetyl phosphate;ADP C10H12N5O10P2	C00227;C00008	Acetate;ATP C10H12N5O13P3	C00033;C00002	b1849	P33221	P33221			120.0	10	acetate	Salmonella enterica subsp. enterica serovar Typhimurium	O06961	25.0	7.5		brenda	23.29192546583851	0.0	True
ACKr	R00315	2.7.2.1	forward	Acetate;ATP C10H12N5O13P3	C00033;C00002	Acetyl phosphate;ADP C10H12N5O10P2	C00227;C00008	b3115	P11868	P11868			1278.0	5	Acetate;ATP	Methanosarcina thermophila	P38502	37.0	7.4	wildtype	sabio_rk	33.663366336633665	0.0	True
ACKr	R00315	2.7.2.1	reverse	Acetyl phosphate;ADP C10H12N5O10P2	C00227;C00008	Acetate;ATP C10H12N5O13P3	C00033;C00002	b3115	P11868	P11868			2100.0	6	acetyl phosphate	Shewanella sp.	E3W769	25.0	7.5		brenda	37.735849056603776	0.0	True
ACKr	R00315	2.7.2.1	forward	Acetate;ATP C10H12N5O13P3	C00033;C00002	Acetyl phosphate;ADP C10H12N5O10P2	C00227;C00008	b2296	P0A6A3	P0A6A3			3062.9020746392557	1	acetate	Escherichia coli	P0A6A3	32.5	7.5		brenda	100.0	0.0	True
ACKr	R00315	2.7.2.1	reverse	Acetyl phosphate;ADP C10H12N5O10P2	C00227;C00008	Acetate;ATP C10H12N5O13P3	C00033;C00002	b2296	P0A6A3	P0A6A3			3600.0	1	acetyl phosphate	Escherichia coli	P0A6A3	25.0	7.5		brenda	100.0	0.0	True
ACKr	R00315	2.7.2.1	forward	Acetate;ATP C10H12N5O13P3	C00033;C00002	Acetyl phosphate;ADP C10H12N5O10P2	C00227;C00008	b1849	P33221	P33221			1278.0	5	Acetate;ATP	Methanosarcina thermophila	P38502	37.0	7.4	wildtype	sabio_rk	22.32415902140673	0.0	True
ACKr	R00315	2.7.2.1	reverse	Acetyl phosphate;ADP C10H12N5O10P2	C00227;C00008	Acetate;ATP C10H12N5O13P3	C00033;C00002	b1849	P33221	P33221			1105.0	6	acetyl phosphate	Lactococcus lactis	A2RNG4	30.0	7.5		brenda	25.119236883942765	0.0	True
PPC	R00345	4.1.1.31	forward	CO2 CO2;H2O H2O;Phosphoenolpyruvate	C00011;C00001;C00074	H+;Oxaloacetate;Phosphate	C00080;C00036;C00009	b3956	P00864	P00864			540.0	2	phosphoenolpyruvate	Escherichia coli	P00864			wildtype	brenda	100.0	0.0	True
ACONTa	R01325	4.2.1.3	forward	Citrate	C00158	Cis-Aconitate;H2O H2O	C00417;C00001	b0118	P36683	P36683			10.2	6	citrate	Homo sapiens	Q99798	25.0	7.4		brenda	23.313343328335833	0.0	True
ACONTa	R01325	4.2.1.3	reverse	Cis-Aconitate;H2O H2O	C00417;C00001	Citrate	C00158	b0118	P36683	P36683			23.8	6	cis-aconitate	Homo sapiens	Q99798	25.0	7.4		brenda	23.313343328335833	0.0	True
ACONTa	R01325	4.2.1.3	forward	Citrate	C00158	Cis-Aconitate;H2O H2O	C00417;C00001	b1276	P25516	P25516			10.2	6	citrate	Homo sapiens	Q99798	25.0	7.4		brenda	26.783004552352047	0.0	True
ACONTa	R01325	4.2.1.3	reverse	Cis-Aconitate;H2O H2O	C00417;C00001	Citrate	C00158	b1276	P25516	P25516			23.8	6	cis-aconitate	Homo sapiens	Q99798	25.0	7.4		brenda	26.783004552352047	0.0	True
ACONTb	R01900	4.2.1.3	forward	Cis-Aconitate;H2O H2O	C00417;C00001	Isocitrate	C00311	b0118	P36683	P36683			23.8	6	cis-aconitate	Homo sapiens	Q99798	25.0	7.4		brenda	23.313343328335833	0.0	True
ACONTb	R01900	4.2.1.3	reverse	Isocitrate	C00311	Cis-Aconitate;H2O H2O	C00417;C00001	b0118	P36683	P36683			14.1	6	isocitrate	Homo sapiens	Q99798	25.0	7.4		brenda	23.313343328335833	0.0	True
ACONTb	R01900	4.2.1.3	forward	Cis-Aconitate;H2O H2O	C00417;C00001	Isocitrate	C00311	b1276	P25516	P25516			23.8	6	cis-aconitate	Homo sapiens	Q99798	25.0	7.4		brenda	26.783004552352047	0.0	True
ACONTb	R01900	4.2.1.3	reverse	Isocitrate	C00311	Cis-Aconitate;H2O H2O	C00417;C00001	b1276	P25516	P25516			14.1	6	isocitrate	Homo sapiens	Q99798	25.0	7.4		brenda	26.783004552352047	0.0	True
ATPM	R00086	3.6.1.5	forward	ATP C10H12N5O13P3;H2O H2O	C00002;C00001	ADP C10H12N5O10P2;H+;Phosphate	C00008;C00080;C00009					no_gpr	0.03766667	6	H2O;ATP	Arabidopsis thaliana	Q9STX5		7.5	wildtype	sabio_rk		0.0	True
ATPM	R00086	3.6.1.8	forward	ATP C10H12N5O13P3;H2O H2O	C00002;C00001	ADP C10H12N5O10P2;H+;Phosphate	C00008;C00080;C00009					no_gpr		16										True
ATPM	R00086	3.6.4.10	forward	ATP C10H12N5O13P3;H2O H2O	C00002;C00001	ADP C10H12N5O10P2;H+;Phosphate	C00008;C00080;C00009					no_gpr	1.166667	5	ATP;H2O	Saccharomyces cerevisiae	P31539	30.0	7.5	wildtype	sabio_rk		0.0	True
ATPM	R00086	3.6.1.3	forward	ATP C10H12N5O13P3;H2O H2O	C00002;C00001	ADP C10H12N5O10P2;H+;Phosphate	C00008;C00080;C00009					no_gpr	20.0	5	H2O;ATP	Saccharomyces cerevisiae	P31539	37.0	7.5	wildtype	sabio_rk		0.0	True
ATPM	R00086	3.6.1.15	forward	ATP C10H12N5O13P3;H2O H2O	C00002;C00001	ADP C10H12N5O10P2;H+;Phosphate	C00008;C00080;C00009					no_gpr	1.6	5	ATP;H2O	Bacteriophage phi-13		25.0	8.0	wildtype	sabio_rk		0.0	True
ATPM	R00086	3.6.3.11	forward	ATP C10H12N5O13P3;H2O H2O	C00002;C00001	ADP C10H12N5O10P2;H+;Phosphate	C00008;C00080;C00009					no_gpr		17										True
ATPM	R00086	3.6.4.11	forward	ATP C10H12N5O13P3;H2O H2O	C00002;C00001	ADP C10H12N5O10P2;H+;Phosphate	C00008;C00080;C00009					no_gpr		17										True
ATPM	R00086	3.6.4.6	forward	ATP C10H12N5O13P3;H2O H2O	C00002;C00001	ADP C10H12N5O10P2;H+;Phosphate	C00008;C00080;C00009					no_gpr	0.85	12	ATP	Saccharomyces cerevisiae					brenda		0.0	True
ATPM	R00086	3.6.4.7	forward	ATP C10H12N5O13P3;H2O H2O	C00002;C00001	ADP C10H12N5O10P2;H+;Phosphate	C00008;C00080;C00009					no_gpr		17										True
PPCK	R00341	4.1.1.49	forward	ATP C10H12N5O13P3;Oxaloacetate	C00002;C00036	ADP C10H12N5O10P2;CO2 CO2;Phosphoenolpyruvate	C00008;C00011;C00074	b3403	P22259	P22259			0.433	0	oxaloacetate	Escherichia coli	P22259	25.0	7.5	wildtype	brenda	100.0	0.0	True
PPS	R00199	2.7.9.2	forward	ATP C10H12N5O13P3;H2O H2O;Pyruvate	C00002;C00001;C00022	AMP C10H12N5O7P;H+;Phosphoenolpyruvate;Phosphate	C00020;C00080;C00074;C00009	b1702	P23538	P23538			0.683	8	pyruvate	Thermoproteus tenax	Q70WQ8	70.0	7.0		brenda	34.17085427135678	0.0	True
ADK1	R00127	2.7.4.3	forward	AMP C10H12N5O7P;ATP C10H12N5O13P3	C00020;C00002	ADP C10H12N5O10P2	C00008	b0474	P69441	P69441			0.07333333	9	AMP;ATP	Bacillus subtilis	P16304	45.0	7.2	wildtype	sabio_rk	39.48220064724919	0.0	True
ADK1	R00127	2.7.4.3	reverse	ADP C10H12N5O10P2	C00008	AMP C10H12N5O7P;ATP C10H12N5O13P3	C00020;C00002	b0474	P69441	P69441			0.07333333	9	AMP;ATP	Bacillus subtilis	P16304	45.0	7.2	wildtype	sabio_rk	39.48220064724919	0.0	True
AKGDH	R08549	1.2.1.52	forward	2-Oxoglutarate;Coenzyme A;Nicotinamide adenine dinucleotide	C00026;C00010;C00003	CO2 CO2;Nicotinamide adenine dinucleotide - reduced;Succinyl-CoA	C00011;C00004;C00091	b0116;b0726;b0727	P0A9P0;P0AFG6;P0AFG3			none		17										True
AKGDH	R08549	2.3.1.61	forward	2-Oxoglutarate;Coenzyme A;Nicotinamide adenine dinucleotide	C00026;C00010;C00003	CO2 CO2;Nicotinamide adenine dinucleotide - reduced;Succinyl-CoA	C00011;C00004;C00091	b0116;b0726;b0727	P0A9P0;P0AFG6;P0AFG3	P0AFG6			186.0	9	DL-dihydrolipoamide	Yarrowia lipolytica	Q6C5L8	30.0	8.0	wildtype	brenda	34.81012658227848	0.0	True
AKGDH	R08549	1.8.1.4	forward	2-Oxoglutarate;Coenzyme A;Nicotinamide adenine dinucleotide	C00026;C00010;C00003	CO2 CO2;Nicotinamide adenine dinucleotide - reduced;Succinyl-CoA	C00011;C00004;C00091	b0116;b0726;b0727	P0A9P0;P0AFG6;P0AFG3	P0A9P0			176.4	4	NAD+;Dihydrolipoamide	Escherichia coli	P0A9P0	25.0	7.98	wildtype	sabio_rk	100.0	0.0	True
AKGDH	R08549	1.2.4.2	forward	2-Oxoglutarate;Coenzyme A;Nicotinamide adenine dinucleotide	C00026;C00010;C00003	CO2 CO2;Nicotinamide adenine dinucleotide - reduced;Succinyl-CoA	C00011;C00004;C00091	b0116;b0726;b0727	P0A9P0;P0AFG6;P0AFG3	P0AFG3			2.7	5	2-oxoglutarate	Escherichia coli		30.0	8.0	wildtype	brenda		0.0	True
PTAr	R00230	2.3.1.8	forward	Acetyl-CoA;Phosphate	C00024;C00009	Acetyl phosphate;Coenzyme A	C00227;C00010	b2297	P0A9M8	P0A9M8			227.0	4	acetyl phosphate	Escherichia coli	P0A9M8	30.0	8.0	wildtype	brenda	100.0	0.0	True
PTAr	R00230	2.3.1.8	reverse	Acetyl phosphate;Coenzyme A	C00227;C00010	Acetyl-CoA;Phosphate	C00024;C00009	b2297	P0A9M8	P0A9M8			227.0	0	acetyl phosphate	Escherichia coli	P0A9M8	30.0	8.0	wildtype	brenda	100.0	0.0	True
PTAr	R00230	2.3.1.8	forward	Acetyl-CoA;Phosphate	C00024;C00009	Acetyl phosphate;Coenzyme A	C00227;C00010	b2458	P77218	P77218			1500.0	6	phosphate	Methanosarcina thermophila		25.0	7.2		brenda		0.0	True
PTAr	R00230	2.3.1.8	reverse	Acetyl phosphate;Coenzyme A	C00227;C00010	Acetyl-CoA;Phosphate	C00024;C00009	b2458	P77218	P77218			5252.0	5	Coenzyme A;Acetyl phosphate	Methanosarcina thermophila	P38503	23.0	7.2	wildtype	sabio_rk	29.536679536679536	0.0	True
PYK	R00200	2.7.1.40	forward	ADP C10H12N5O10P2;H+;Phosphoenolpyruvate	C00008;C00080;C00074	ATP C10H12N5O13P3;Pyruvate	C00002;C00022	b1854	P21599	P21599			2540.0	5	Phosphoenolpyruvate;ADP	Corynebacterium glutamicum	Q46078	22.0	7.7	wildtype	sabio_rk	34.31786216596343	0.0	True
PYK	R00200	2.7.1.40	forward	ADP C10H12N5O10P2;H+;Phosphoenolpyruvate	C00008;C00080;C00074	ATP C10H12N5O13P3;Pyruvate	C00002;C00022	b1676	P0AD61	P0AD61			160.0	0	Phosphoenolpyruvate;ADP	Escherichia coli	P0AD61	25.0	7.5	wildtype	sabio_rk	100.0	0.0	True
RPE	R01529	5.1.3.1	forward	D-Ribulose 5-phosphate	C00199	D-Xylulose 5-phosphate	C00231	b3386	P0AG07	P0AG07			840.0	6	D-Ribulose 5-phosphate	Streptococcus pyogenes	Q9A1H8		7.5	wildtype	sabio_rk	35.670731707317074	0.0	True
RPE	R01529	5.1.3.1	reverse	D-Xylulose 5-phosphate	C00231	D-Ribulose 5-phosphate	C00199	b3386	P0AG07	P0AG07			1300.0	8	D-xylulose 5-phosphate	Saccharomyces cerevisiae					brenda		0.0	True
RPE	R01529	5.1.3.1	forward	D-Ribulose 5-phosphate	C00199	D-Xylulose 5-phosphate	C00231	b4301	P39362	P39362			840.0	6	D-Ribulose 5-phosphate	Streptococcus pyogenes	Q9A1H8		7.5	wildtype	sabio_rk	28.35820895522388	0.0	True
RPE	R01529	5.1.3.1	reverse	D-Xylulose 5-phosphate	C00231	D-Ribulose 5-phosphate	C00199	b4301	P39362	P39362			1300.0	8	D-xylulose 5-phosphate	Saccharomyces cerevisiae					brenda		0.0	True
CS	R00351	2.3.3.16	forward	Acetyl-CoA;H2O H2O;Oxaloacetate	C00024;C00001;C00036	Citrate;Coenzyme A;H+	C00158;C00010;C00080	b0720	P0ABH7	P0ABH7			81.0	0	Oxaloacetate;Acetyl-CoA;H2O	Escherichia coli	P0ABH7	21.0	7.8	wildtype	sabio_rk	100.0	0.0	True
CS	R00351	2.3.3.1	forward	Acetyl-CoA;H2O H2O;Oxaloacetate	C00024;C00001;C00036	Citrate;Coenzyme A;H+	C00158;C00010;C00080	b0720	P0ABH7	P0ABH7			81.0	0	Oxaloacetate;Acetyl-CoA;H2O	Escherichia coli	P0ABH7	20.0	7.8	wildtype	sabio_rk	100.0	0.0	True
CS	R00351	2.3.3.3	forward	Acetyl-CoA;H2O H2O;Oxaloacetate	C00024;C00001;C00036	Citrate;Coenzyme A;H+	C00158;C00010;C00080	b0720	P0ABH7	P0ABH7				17										True
RPI		5.3.1.6	forward	Alpha-D-Ribose 5-phosphate	C03736	D-Ribulose 5-phosphate	C00199	b2914	P0A7Z0	P0A7Z0			2100.0	4	D-Ribose 5-phosphate	Escherichia coli	P0A7Z0	37.0	7.5	wildtype	sabio_rk	100.0	0.0	True
RPI		5.3.1.6	reverse	D-Ribulose 5-phosphate	C00199	Alpha-D-Ribose 5-phosphate	C03736	b2914	P0A7Z0	P0A7Z0			2100.0	4	D-Ribose 5-phosphate	Escherichia coli	P0A7Z0	37.0	7.5	wildtype	sabio_rk	100.0	0.0	True
RPI		5.3.1.6	forward	Alpha-D-Ribose 5-phosphate	C03736	D-Ribulose 5-phosphate	C00199	b4090	P37351	P37351			6.1	9	D-allose	Brucella anthropi	A6X309	45.0	7.0	wildtype	brenda	32.01754385964912	0.0	True
RPI		5.3.1.6	reverse	D-Ribulose 5-phosphate	C00199	Alpha-D-Ribose 5-phosphate	C03736	b4090	P37351	P37351			2.0	6	D-ribulose 5-phosphate	Trypanosoma cruzi	Q4CQE2	30.0	7.6		brenda	31.06382978723404	0.0	True
SUCCt2_2			forward	H+;Succinate	C00080;C00042	H+;Succinate	C00080;C00042	b3528	P0A830	P0A830	missing			17										True
D_LACt2			forward	H+;D-Lactate	C00080;C00256	H+;D-Lactate	C00080;C00256	b2975	Q46839	Q46839	missing			17										True
D_LACt2			reverse	H+;D-Lactate	C00080;C00256	H+;D-Lactate	C00080;C00256	b2975	Q46839	Q46839	missing			17										True
D_LACt2			forward	H+;D-Lactate	C00080;C00256	H+;D-Lactate	C00080;C00256	b3603	P33231	P33231	missing			17										True
D_LACt2			reverse	H+;D-Lactate	C00080;C00256	H+;D-Lactate	C00080;C00256	b3603	P33231	P33231	missing			17										True
ENO	R00658	4.2.1.11	forward	D-Glycerate 2-phosphate	C00631	H2O H2O;Phosphoenolpyruvate	C00001;C00074	b2779	P0A6P9	P0A6P9			29.6	5	2-Phospho-D-glycerate	Oryctolagus cuniculus	P25704	25.0	7.1	wildtype	sabio_rk	43.85382059800664	0.0	True
ENO	R00658	4.2.1.11	reverse	H2O H2O;Phosphoenolpyruvate	C00001;C00074	D-Glycerate 2-phosphate	C00631	b2779	P0A6P9	P0A6P9			15.47	7	phosphoenolpyruvate	Klebsiella pneumoniae			7.8		brenda		0.0	True
SUCOAS	R00405	6.2.1.5	forward	ATP C10H12N5O13P3;Coenzyme A;Succinate	C00002;C00010;C00042	ADP C10H12N5O10P2;Phosphate;Succinyl-CoA	C00008;C00009;C00091	b0728;b0729	P0AGE9;P0A836	P0AGE9;P0A836		multiple	14.3	1	succinate	Escherichia coli K-12	P0AGE9	30.0	7.4		brenda		0.0	True
SUCOAS	R00405	6.2.1.5	reverse	ADP C10H12N5O10P2;Phosphate;Succinyl-CoA	C00008;C00009;C00091	ATP C10H12N5O13P3;Coenzyme A;Succinate	C00002;C00010;C00042	b0728;b0729	P0AGE9;P0A836	P0AGE9;P0A836		multiple	26.7	5	CoA	Escherichia coli K-12	P0AGE9	30.0	7.4		brenda		0.0	True
TALA	R01827	2.2.1.2	forward	Glyceraldehyde 3-phosphate;Sedoheptulose 7-phosphate	C00661;C05382	D-Erythrose 4-phosphate;D-Fructose 6-phosphate	C00279;C05345	b2464	P0A867	P0A867			13.0	7	glyceraldehyde 3-phosphate	Escherichia coli		30.0	8.5	wildtype	brenda		0.0	True
TALA	R01827	2.2.1.2	reverse	D-Erythrose 4-phosphate;D-Fructose 6-phosphate	C00279;C05345	Glyceraldehyde 3-phosphate;Sedoheptulose 7-phosphate	C00661;C05382	b2464	P0A867	P0A867			13.86	5	D-fructose 6-phosphate	Thermoplasma acidophilum	Q9HKI3	30.0	7.5	wildtype	brenda	26.525821596244132	0.0	True
TALA	R01827	2.2.1.2	forward	Glyceraldehyde 3-phosphate;Sedoheptulose 7-phosphate	C00661;C05382	D-Erythrose 4-phosphate;D-Fructose 6-phosphate	C00279;C05345	b0008	P0A870	P0A870			13.0	7	glyceraldehyde 3-phosphate	Escherichia coli		30.0	8.5	wildtype	brenda		0.0	True
TALA	R01827	2.2.1.2	reverse	D-Erythrose 4-phosphate;D-Fructose 6-phosphate	C00279;C05345	Glyceraldehyde 3-phosphate;Sedoheptulose 7-phosphate	C00661;C05382	b0008	P0A870	P0A870			13.86	5	D-fructose 6-phosphate	Thermoplasma acidophilum	Q9HKI3	30.0	7.5	wildtype	brenda	25.290023201856147	0.0	True
THD2		1.6.1.1	forward	H+;Nicotinamide adenine dinucleotide - reduced;Nicotinamide adenine dinucleotide phosphate	C00080;C00004;C00006	H+;Nicotinamide adenine dinucleotide;Nicotinamide adenine dinucleotide phosphate - reduced	C00080;C00003;C00005	b1602;b1603	P0AB67;P07001			none	259.5	10	thio-NAD+	Escherichia coli		35.0	7.5		brenda		0.0	True
TKT1		2.2.1.1	forward	Alpha-D-Ribose 5-phosphate;D-Xylulose 5-phosphate	C03736;C00231	Glyceraldehyde 3-phosphate;Sedoheptulose 7-phosphate	C00661;C05382	b2935	P27302	P27302			46.3	5	D-Xylulose 5-phosphate;D-Ribose 5-phosphate	Saccharomyces cerevisiae	P23254	25.0	7.6	wildtype	sabio_rk	37.32106339468303	0.0	True
TKT1		2.2.1.1	reverse	Glyceraldehyde 3-phosphate;Sedoheptulose 7-phosphate	C00661;C05382	Alpha-D-Ribose 5-phosphate;D-Xylulose 5-phosphate	C03736;C00231	b2935	P27302	P27302			28.642	5	sedoheptulose 7-phosphate	Scheffersomyces stipitis	P34736	25.0	8.0	wildtype	brenda	36.87436159346272	0.0	True
TKT1		2.2.1.1	forward	Alpha-D-Ribose 5-phosphate;D-Xylulose 5-phosphate	C03736;C00231	Glyceraldehyde 3-phosphate;Sedoheptulose 7-phosphate	C00661;C05382	b2465	P33570	P33570			46.3	5	D-Xylulose 5-phosphate;D-Ribose 5-phosphate	Saccharomyces cerevisiae	P23254	25.0	7.6	wildtype	sabio_rk	38.29568788501027	0.0	True
TKT1		2.2.1.1	reverse	Glyceraldehyde 3-phosphate;Sedoheptulose 7-phosphate	C00661;C05382	Alpha-D-Ribose 5-phosphate;D-Xylulose 5-phosphate	C03736;C00231	b2465	P33570	P33570			28.642	5	sedoheptulose 7-phosphate	Scheffersomyces stipitis	P34736	25.0	8.0	wildtype	brenda	37.5639713408393	0.0	True
TKT2	R01830	2.2.1.1	forward	D-Erythrose 4-phosphate;D-Xylulose 5-phosphate	C00279;C00231	D-Fructose 6-phosphate;Glyceraldehyde 3-phosphate	C05345;C00661	b2935	P27302	P27302			46.3	5	D-Xylulose 5-phosphate;D-Ribose 5-phosphate	Saccharomyces cerevisiae	P23254	25.0	7.6	wildtype	sabio_rk	37.32106339468303	0.0	True
TKT2	R01830	2.2.1.1	reverse	D-Fructose 6-phosphate;Glyceraldehyde 3-phosphate	C05345;C00661	D-Erythrose 4-phosphate;D-Xylulose 5-phosphate	C00279;C00231	b2935	P27302	P27302			26.87	5	D-fructose 6-phosphate	Scheffersomyces stipitis	P34736	25.0	8.0	wildtype	brenda	36.87436159346272	0.0	True
TKT2	R01830	2.2.1.1	forward	D-Erythrose 4-phosphate;D-Xylulose 5-phosphate	C00279;C00231	D-Fructose 6-phosphate;Glyceraldehyde 3-phosphate	C05345;C00661	b2465	P33570	P33570			46.3	5	D-Xylulose 5-phosphate;D-Ribose 5-phosphate	Saccharomyces cerevisiae	P23254	25.0	7.6	wildtype	sabio_rk	38.29568788501027	0.0	True
TKT2	R01830	2.2.1.1	reverse	D-Fructose 6-phosphate;Glyceraldehyde 3-phosphate	C05345;C00661	D-Erythrose 4-phosphate;D-Xylulose 5-phosphate	C00279;C00231	b2465	P33570	P33570			26.87	5	D-fructose 6-phosphate	Scheffersomyces stipitis	P34736	25.0	8.0	wildtype	brenda	37.5639713408393	0.0	True
TPI	R01015	5.3.1.1	forward	Dihydroxyacetone phosphate	C00111	Glyceraldehyde 3-phosphate	C00661	b3919	P0A858	P0A858			600.0	5	Glycerone phosphate	Gallus gallus	P00940	30.0	7.6	wildtype	sabio_rk	38.18681318681319	0.0	True
TPI	R01015	5.3.1.1	reverse	Glyceraldehyde 3-phosphate	C00661	Dihydroxyacetone phosphate	C00111	b3919	P0A858	P0A858			1306.0	5	D-Glyceraldehyde 3-phosphate	Gemmata obscuriglobus	A0A0M3KL18	25.0	8.0	wildtype	sabio_rk	38.21138211382114	0.0	True
FBA	R01068	4.1.2.13	forward	D-Fructose 1,6-bisphosphate	C00354	Dihydroxyacetone phosphate;Glyceraldehyde 3-phosphate	C00111;C00661	b2097	P0A991	P0A991			3.166667	0	D-Fructose 1,6-bisphosphate	Escherichia coli	P0A991	30.0	8.0	wildtype	sabio_rk	100.0	0.0	True
FBA	R01068	4.1.2.13	reverse	Dihydroxyacetone phosphate;Glyceraldehyde 3-phosphate	C00111;C00661	D-Fructose 1,6-bisphosphate	C00354	b2097	P0A991	P0A991			3.166667	4	D-Fructose 1,6-bisphosphate	Escherichia coli	P0A991	30.0	8.0	wildtype	sabio_rk	100.0	0.0	True
FBA	R01068	4.1.2.13	forward	D-Fructose 1,6-bisphosphate	C00354	Dihydroxyacetone phosphate;Glyceraldehyde 3-phosphate	C00111;C00661	b1773	P77704	P77704			0.7	5	D-fructose 1,6-bisphosphate	Helicobacter pylori	P56109	25.0	7.4	wildtype	brenda	29.424778761061948	0.0	True
FBA	R01068	4.1.2.13	reverse	Dihydroxyacetone phosphate;Glyceraldehyde 3-phosphate	C00111;C00661	D-Fructose 1,6-bisphosphate	C00354	b1773	P77704	P77704			2.833333	5	D-Glyceraldehyde 3-phosphate;Glycerone phosphate	Escherichia coli	P0AB71	30.0	8.0	wildtype	sabio_rk	24.4140625	0.0	True
FBA	R01068	4.1.2.13	forward	D-Fructose 1,6-bisphosphate	C00354	Dihydroxyacetone phosphate;Glyceraldehyde 3-phosphate	C00111;C00661	b2925	P0AB71	P0AB71			30.33333	0	D-Fructose 1,6-bisphosphate	Escherichia coli	P0AB71	30.0	8.0	wildtype	sabio_rk	100.0	0.0	True
FBA	R01068	4.1.2.13	reverse	Dihydroxyacetone phosphate;Glyceraldehyde 3-phosphate	C00111;C00661	D-Fructose 1,6-bisphosphate	C00354	b2925	P0AB71	P0AB71			2.833333	0	D-Glyceraldehyde 3-phosphate;Glycerone phosphate	Escherichia coli	P0AB71	30.0	8.0	wildtype	sabio_rk	100.0	0.0	True
FBP		3.1.3.11	forward	D-Fructose 1,6-bisphosphate;H2O H2O	C00354;C00001	D-Fructose 6-phosphate;Phosphate	C05345;C00009	b3925	P0A9C9	P0A9C9			5.7	2	D-fructose 1,6-bisphosphate	Escherichia coli	P0A9C9	37.0	9.0	wildtype	brenda	100.0	0.0	True
FBP		3.1.3.11	forward	D-Fructose 1,6-bisphosphate;H2O H2O	C00354;C00001	D-Fructose 6-phosphate;Phosphate	C05345;C00009	b4232	P0A993	P0A993			26.0	0	H2O;D-Fructose 1,6-bisphosphate	Escherichia coli	P0A993	22.0	7.5	wildtype	sabio_rk	100.0	0.0	True
FORt2			forward	Formate;H+	C00058;C00080	Formate;H+	C00058;C00080	b0904	P0AC23	P0AC23	missing			17										True
FORt2			forward	Formate;H+	C00058;C00080	Formate;H+	C00058;C00080	b2492	P77733	P77733	missing			17										True
FORt			forward	Formate	C00058	Formate	C00058	b0904	P0AC23	P0AC23	missing			17										True
FORt			forward	Formate	C00058	Formate	C00058	b2492	P77733	P77733	missing			17										True
FUM	R01082	4.2.1.2	forward	Fumarate;H2O H2O	C00122;C00001	L-Malate	C00149	b1612	P0AC33	P0AC33			3100.0	4	L-Malate	Escherichia coli	P0AC33	25.0	7.5	wildtype	sabio_rk	100.0	0.0	True
FUM	R01082	4.2.1.2	reverse	L-Malate	C00149	Fumarate;H2O H2O	C00122;C00001	b1612	P0AC33	P0AC33			3100.0	0	L-Malate	Escherichia coli	P0AC33	25.0	7.5	wildtype	sabio_rk	100.0	0.0	True
FUM	R01082	4.2.1.2	forward	Fumarate;H2O H2O	C00122;C00001	L-Malate	C00149	b4122	P14407	P14407			730.0	5	H2O;Fumarate	Corynebacterium glutamicum	Q8NRN8	20.0	7.0	wildtype	sabio_rk	24.05832320777643	0.0	True
FUM	R01082	4.2.1.2	reverse	L-Malate	C00149	Fumarate;H2O H2O	C00122;C00001	b4122	P14407	P14407			3100.0	5	L-Malate	Escherichia coli	P0AC33	25.0	7.5	wildtype	sabio_rk	82.36272878535773	0.0	True
FUM	R01082	4.2.1.2	forward	Fumarate;H2O H2O	C00122;C00001	L-Malate	C00149	b1611	P05042	P05042			1149.0	1	H2O;Fumarate	Escherichia coli	P05042		7.9	wildtype	sabio_rk	100.0	0.0	True
FUM	R01082	4.2.1.2	reverse	L-Malate	C00149	Fumarate;H2O H2O	C00122;C00001	b1611	P05042	P05042			595.2	1	L-Malate	Escherichia coli	P05042		7.9	wildtype	sabio_rk	100.0	0.0	True
FUMt2_2			forward	Fumarate;H+	C00122;C00080	Fumarate;H+	C00122;C00080	b3528	P0A830	P0A830	missing			17										True
G6PDH2r	R00835	1.1.1.363	forward	D-Glucose 6-phosphate;Nicotinamide adenine dinucleotide phosphate	C00092;C00006	6-phospho-D-glucono-1,5-lactone;H+;Nicotinamide adenine dinucleotide phosphate - reduced	C01236;C00080;C00005	b1852	P0AC53	P0AC53			1125.0	5	D-glucose 6-phosphate	Leuconostoc mesenteroides	P11411	25.0	7.6	wildtype	brenda	29.920212765957448	0.0	True
G6PDH2r	R00835	1.1.1.363	reverse	6-phospho-D-glucono-1,5-lactone;H+;Nicotinamide adenine dinucleotide phosphate - reduced	C01236;C00080;C00005	D-Glucose 6-phosphate;Nicotinamide adenine dinucleotide phosphate	C00092;C00006	b1852	P0AC53	P0AC53			1125.0	9	D-glucose 6-phosphate	Leuconostoc mesenteroides	P11411	25.0	7.6	wildtype	brenda	29.920212765957448	0.0	True
G6PDH2r	R00835	1.1.1.49	forward	D-Glucose 6-phosphate;Nicotinamide adenine dinucleotide phosphate	C00092;C00006	6-phospho-D-glucono-1,5-lactone;H+;Nicotinamide adenine dinucleotide phosphate - reduced	C01236;C00080;C00005	b1852	P0AC53	P0AC53			288.0	0	D-Glucose 6-phosphate;NAD+	Escherichia coli	P0AC53	25.0	8.0	wildtype	sabio_rk	100.0	0.0	True
G6PDH2r	R00835	1.1.1.49	reverse	6-phospho-D-glucono-1,5-lactone;H+;Nicotinamide adenine dinucleotide phosphate - reduced	C01236;C00080;C00005	D-Glucose 6-phosphate;Nicotinamide adenine dinucleotide phosphate	C00092;C00006	b1852	P0AC53	P0AC53			288.0	4	D-Glucose 6-phosphate;NAD+	Escherichia coli	P0AC53	25.0	8.0	wildtype	sabio_rk	100.0	0.0	True
GAPD	R01061	1.2.1.12	forward	Glyceraldehyde 3-phosphate;Nicotinamide adenine dinucleotide;Phosphate	C00661;C00003;C00009	3-Phospho-D-glyceroyl phosphate;H+;Nicotinamide adenine dinucleotide - reduced	C00236;C00080;C00004	b1779	P0A9B2	P0A9B2			268.0	2	D-Glyceraldehyde 3-phosphate;Phosphate;NAD+	Escherichia coli	P0A9B2	22.0	8.9	wildtype	sabio_rk	100.0	0.0	True
GAPD	R01061	1.2.1.12	reverse	3-Phospho-D-glyceroyl phosphate;H+;Nicotinamide adenine dinucleotide - reduced	C00236;C00080;C00004	Glyceraldehyde 3-phosphate;Nicotinamide adenine dinucleotide;Phosphate	C00661;C00003;C00009	b1779	P0A9B2	P0A9B2			73.56	5	3-phospho-D-glyceroyl phosphate	Oryza sativa	Q0J8A4	25.0	7.6	wildtype	brenda	52.860411899313505	0.0	True
GAPD	R01061	1.2.1.59	forward	Glyceraldehyde 3-phosphate;Nicotinamide adenine dinucleotide;Phosphate	C00661;C00003;C00009	3-Phospho-D-glyceroyl phosphate;H+;Nicotinamide adenine dinucleotide - reduced	C00236;C00080;C00004	b1779	P0A9B2	P0A9B2			8.0	7	NADP+;Phosphate;D-Glyceraldehyde 3-phosphate	Bacillus subtilis	O34425	25.0	9.2	wildtype	sabio_rk	40.37656903765691	0.0	True
GAPD	R01061	1.2.1.59	reverse	3-Phospho-D-glyceroyl phosphate;H+;Nicotinamide adenine dinucleotide - reduced	C00236;C00080;C00004	Glyceraldehyde 3-phosphate;Nicotinamide adenine dinucleotide;Phosphate	C00661;C00003;C00009	b1779	P0A9B2	P0A9B2			8.0	11	NADP+;Phosphate;D-Glyceraldehyde 3-phosphate	Bacillus subtilis	O34425	25.0	9.2	wildtype	sabio_rk	40.37656903765691	0.0	True
GLNS	R00253	6.3.1.2	forward	ATP C10H12N5O13P3;L-Glutamate;Ammonium	C00002;C00025;C00014	ADP C10H12N5O10P2;L-Glutamine;H+;Phosphate	C00008;C00064;C00080;C00009	b3870	P0A9C5	P0A9C5			50.0	2	L-Glutamate;ATP;NH3	Escherichia coli	P0A9C5			wildtype	sabio_rk	100.0	0.0	True
GLNS	R00253	6.3.1.2	forward	ATP C10H12N5O13P3;L-Glutamate;Ammonium	C00002;C00025;C00014	ADP C10H12N5O10P2;L-Glutamine;H+;Phosphate	C00008;C00064;C00080;C00009	b1297	P78061	P78061			42.0	5	L-glutamate	Trichormus azollae	Q9RHZ1	30.0	7.0	wildtype	brenda	24.966974900924704	0.0	True
GLUDy	R00248	1.4.1.13	forward	L-Glutamate;H2O H2O;Nicotinamide adenine dinucleotide phosphate	C00025;C00001;C00006	2-Oxoglutarate;H+;Nicotinamide adenine dinucleotide phosphate - reduced;Ammonium	C00026;C00080;C00005;C00014	b1761	P00370	P00370			0.22	9	NADH;H+;Iodonitrotetrazolium	Azospirillum brasilense	Q05756	25.0	7.5	wildtype	sabio_rk	24.03204272363151	0.0	True
GLUDy	R00248	1.4.1.13	reverse	2-Oxoglutarate;H+;Nicotinamide adenine dinucleotide phosphate - reduced;Ammonium	C00026;C00080;C00005;C00014	L-Glutamate;H2O H2O;Nicotinamide adenine dinucleotide phosphate	C00025;C00001;C00006	b1761	P00370	P00370			0.22	5	NADH;H+;Iodonitrotetrazolium	Azospirillum brasilense	Q05756	25.0	7.5	wildtype	sabio_rk	24.03204272363151	0.0	True
GLUDy	R00248	1.4.1.3	forward	L-Glutamate;H2O H2O;Nicotinamide adenine dinucleotide phosphate	C00025;C00001;C00006	2-Oxoglutarate;H+;Nicotinamide adenine dinucleotide phosphate - reduced;Ammonium	C00026;C00080;C00005;C00014	b1761	P00370	P00370			399.6	7	H2O;L-Glutamate;NADP+	Pyrococcus horikoshii	P0CL73	90.0	7.6	wildtype	sabio_rk	29.017857142857142	0.0	True
GLUDy	R00248	1.4.1.3	reverse	2-Oxoglutarate;H+;Nicotinamide adenine dinucleotide phosphate - reduced;Ammonium	C00026;C00080;C00005;C00014	L-Glutamate;H2O H2O;Nicotinamide adenine dinucleotide phosphate	C00025;C00001;C00006	b1761	P00370	P00370			130.0	5	2-oxoglutarate	Homo sapiens		25.0	8.0	wildtype	brenda		0.0	True
GLUDy	R00248	1.4.1.4	forward	L-Glutamate;H2O H2O;Nicotinamide adenine dinucleotide phosphate	C00025;C00001;C00006	2-Oxoglutarate;H+;Nicotinamide adenine dinucleotide phosphate - reduced;Ammonium	C00026;C00080;C00005;C00014	b1761	P00370	P00370			17.1	0	L-glutamate	Escherichia coli	P00370	22.0	8.0	wildtype	brenda	100.0	0.0	True
GLUDy	R00248	1.4.1.4	reverse	2-Oxoglutarate;H+;Nicotinamide adenine dinucleotide phosphate - reduced;Ammonium	C00026;C00080;C00005;C00014	L-Glutamate;H2O H2O;Nicotinamide adenine dinucleotide phosphate	C00025;C00001;C00006	b1761	P00370	P00370			17.1	4	L-glutamate	Escherichia coli	P00370	22.0	8.0	wildtype	brenda	100.0	0.0	True
GLUN	R00256	6.3.5.2	forward	L-Glutamine;H2O H2O	C00064;C00001	L-Glutamate;Ammonium	C00025;C00014	b1812	P05041	P05041			3.05	6	L-glutamine	Mycobacterium tuberculosis		40.0	7.5		brenda		0.0	True
GLUN	R00256	6.3.5.2	forward	L-Glutamine;H2O H2O	C00064;C00001	L-Glutamate;Ammonium	C00025;C00014	b0485	P77454	P77454			3.05	6	L-glutamine	Mycobacterium tuberculosis		40.0	7.5		brenda		0.0	True
GLUN	R00256	6.3.5.2	forward	L-Glutamine;H2O H2O	C00064;C00001	L-Glutamate;Ammonium	C00025;C00014	b1524	P0A6W0	P0A6W0			3.05	6	L-glutamine	Mycobacterium tuberculosis		40.0	7.5		brenda		0.0	True
GLUN	R00256	4.3.3.6	forward	L-Glutamine;H2O H2O	C00064;C00001	L-Glutamate;Ammonium	C00025;C00014	b1812	P05041	P05041			0.0295	5	L-glutamine	Bacillus subtilis		37.0	7.5	wildtype	brenda		0.0	True
GLUN	R00256	4.3.3.6	forward	L-Glutamine;H2O H2O	C00064;C00001	L-Glutamate;Ammonium	C00025;C00014	b0485	P77454	P77454			0.0295	5	L-glutamine	Bacillus subtilis		37.0	7.5	wildtype	brenda		0.0	True
GLUN	R00256	4.3.3.6	forward	L-Glutamine;H2O H2O	C00064;C00001	L-Glutamate;Ammonium	C00025;C00014	b1524	P0A6W0	P0A6W0			0.0295	5	L-glutamine	Bacillus subtilis		37.0	7.5	wildtype	brenda		0.0	True
GLUN	R00256	6.3.5.5	forward	L-Glutamine;H2O H2O	C00064;C00001	L-Glutamate;Ammonium	C00025;C00014	b1812	P05041	P05041			5.6	5	L-Glutamine;Hydrogencarbonate;ATP;H2O	Escherichia coli	P0A6F1;P00968;P00968	25.0	7.6	wildtype	sabio_rk	23.5207100591716	0.0	True
GLUN	R00256	6.3.5.5	forward	L-Glutamine;H2O H2O	C00064;C00001	L-Glutamate;Ammonium	C00025;C00014	b0485	P77454	P77454			5.6	5	L-Glutamine;Hydrogencarbonate;ATP;H2O	Escherichia coli	P0A6F1;P00968;P00968	25.0	7.6	wildtype	sabio_rk	22.912966252220247	0.0	True
GLUN	R00256	6.3.5.5	forward	L-Glutamine;H2O H2O	C00064;C00001	L-Glutamate;Ammonium	C00025;C00014	b1524	P0A6W0	P0A6W0			5.6	5	L-Glutamine;Hydrogencarbonate;ATP;H2O	Escherichia coli	P0A6F1;P00968;P00968	25.0	7.6	wildtype	sabio_rk	23.655913978494624	0.0	True
GLUN	R00256	1.4.7.1	forward	L-Glutamine;H2O H2O	C00064;C00001	L-Glutamate;Ammonium	C00025;C00014	b1812	P05041	P05041			137.0	8	L-glutamine	Oryza sativa					brenda		0.0	True
GLUN	R00256	1.4.7.1	forward	L-Glutamine;H2O H2O	C00064;C00001	L-Glutamate;Ammonium	C00025;C00014	b0485	P77454	P77454			137.0	8	L-glutamine	Oryza sativa					brenda		0.0	True
GLUN	R00256	1.4.7.1	forward	L-Glutamine;H2O H2O	C00064;C00001	L-Glutamate;Ammonium	C00025;C00014	b1524	P0A6W0	P0A6W0			137.0	8	L-glutamine	Oryza sativa					brenda		0.0	True
GLUN	R00256	6.3.5.4	forward	L-Glutamine;H2O H2O	C00064;C00001	L-Glutamate;Ammonium	C00025;C00014	b1812	P05041	P05041			4.51	6	L-glutamine	Leishmania infantum	A4I213	37.0	7.6		brenda	22.67884322678843	0.0	True
GLUN	R00256	6.3.5.4	forward	L-Glutamine;H2O H2O	C00064;C00001	L-Glutamate;Ammonium	C00025;C00014	b0485	P77454	P77454			4.51	6	L-glutamine	Leishmania infantum	A4I213	37.0	7.6		brenda	22.324723247232473	0.0	True
GLUN	R00256	6.3.5.4	forward	L-Glutamine;H2O H2O	C00064;C00001	L-Glutamate;Ammonium	C00025;C00014	b1524	P0A6W0	P0A6W0			4.51	6	L-glutamine	Leishmania infantum	A4I213	37.0	7.6		brenda	22.86245353159851	0.0	True
GLUN	R00256	3.5.1.2	forward	L-Glutamine;H2O H2O	C00064;C00001	L-Glutamate;Ammonium	C00025;C00014	b1812	P05041	P05041			0.1666667	5	L-Glutamine;H2O	Escherichia coli	P17169	37.0	7.5	wildtype	sabio_rk	22.916666666666668	0.0	True
GLUN	R00256	3.5.1.2	forward	L-Glutamine;H2O H2O	C00064;C00001	L-Glutamate;Ammonium	C00025;C00014	b0485	P77454	P77454			101.0	3	L-glutamine	Escherichia coli	P77454				brenda	100.0	0.0	True
GLUN	R00256	3.5.1.2	forward	L-Glutamine;H2O H2O	C00064;C00001	L-Glutamate;Ammonium	C00025;C00014	b1524	P0A6W0	P0A6W0			101.0	3	L-glutamine	Escherichia coli	P0A6W0				brenda	100.0	0.0	True
GLUN	R00256	6.3.4.2	forward	L-Glutamine;H2O H2O	C00064;C00001	L-Glutamate;Ammonium	C00025;C00014	b1812	P05041	P05041			5.7	5	H2O;ATP;UTP;L-Glutamine	Lactococcus lactis	Q9CI75	30.0	8.0	wildtype	sabio_rk	23.3458177278402	0.0	True
GLUN	R00256	6.3.4.2	forward	L-Glutamine;H2O H2O	C00064;C00001	L-Glutamate;Ammonium	C00025;C00014	b0485	P77454	P77454			6.1	5	L-Glutamine;UTP;ATP;H2O	Escherichia coli	P0A7E5	37.0	8.0	wildtype	sabio_rk	21.794871794871796	0.0	True
GLUN	R00256	6.3.4.2	forward	L-Glutamine;H2O H2O	C00064;C00001	L-Glutamate;Ammonium	C00025;C00014	b1524	P0A6W0	P0A6W0			6.1	5	L-Glutamine;UTP;ATP;H2O	Escherichia coli	P0A7E5	37.0	8.0	wildtype	sabio_rk	21.683309557774606	0.0	True
GLUN	R00256	1.4.1.13	forward	L-Glutamine;H2O H2O	C00064;C00001	L-Glutamate;Ammonium	C00025;C00014	b1812	P05041	P05041			0.22	9	NADH;H+;Iodonitrotetrazolium	Azospirillum brasilense	Q05756	25.0	7.5	wildtype	sabio_rk	22.54259501965924	0.0	True
GLUN	R00256	1.4.1.13	forward	L-Glutamine;H2O H2O	C00064;C00001	L-Glutamate;Ammonium	C00025;C00014	b0485	P77454	P77454			0.22	9	NADH;H+;Iodonitrotetrazolium	Azospirillum brasilense	Q05756	25.0	7.5	wildtype	sabio_rk	22.60061919504644	0.0	True
GLUN	R00256	1.4.1.13	forward	L-Glutamine;H2O H2O	C00064;C00001	L-Glutamate;Ammonium	C00025;C00014	b1524	P0A6W0	P0A6W0			0.22	9	NADH;H+;Iodonitrotetrazolium	Azospirillum brasilense	Q05756	25.0	7.5	wildtype	sabio_rk	22.67080745341615	0.0	True
GLUN	R00256	3.5.1.38	forward	L-Glutamine;H2O H2O	C00064;C00001	L-Glutamate;Ammonium	C00025;C00014	b1812	P05041	P05041			0.00075	8	L-glutamine	Streptomyces canarius					brenda		0.0	True
GLUN	R00256	3.5.1.38	forward	L-Glutamine;H2O H2O	C00064;C00001	L-Glutamate;Ammonium	C00025;C00014	b0485	P77454	P77454			0.00075	8	L-glutamine	Streptomyces canarius					brenda		0.0	True
GLUN	R00256	3.5.1.38	forward	L-Glutamine;H2O H2O	C00064;C00001	L-Glutamate;Ammonium	C00025;C00014	b1524	P0A6W0	P0A6W0			0.00075	8	L-glutamine	Streptomyces canarius					brenda		0.0	True
GLUSy	R00114	1.4.1.13	forward	2-Oxoglutarate;L-Glutamine;H+;Nicotinamide adenine dinucleotide phosphate - reduced	C00026;C00064;C00080;C00005	L-Glutamate;Nicotinamide adenine dinucleotide phosphate	C00025;C00006	b3212;b3213	P09832;P09831	P09832;P09831		multiple	0.22	5	NADH;H+;Iodonitrotetrazolium	Azospirillum brasilense	Q05756	25.0	7.5	wildtype	sabio_rk		0.0	True
GLUt2r			forward	L-Glutamate;H+	C00025;C00080	L-Glutamate;H+	C00025;C00080	b4077	P21345	P21345	missing			17										True
GLUt2r			reverse	L-Glutamate;H+	C00025;C00080	L-Glutamate;H+	C00025;C00080	b4077	P21345	P21345	missing			17										True
GND	R01528	1.1.1.44	forward	6-Phospho-D-gluconate;Nicotinamide adenine dinucleotide phosphate	C00345;C00006	CO2 CO2;Nicotinamide adenine dinucleotide phosphate - reduced;D-Ribulose 5-phosphate	C00011;C00005;C00199	b2029	P00350	P00350			64.5	5	6-phospho-D-gluconate	Synechocystis sp.	P52208	32.0	7.3	wildtype	brenda	45.48238897396631	0.0	True
GND	R01528	1.1.1.351	forward	6-Phospho-D-gluconate;Nicotinamide adenine dinucleotide phosphate	C00345;C00006	CO2 CO2;Nicotinamide adenine dinucleotide phosphate - reduced;D-Ribulose 5-phosphate	C00011;C00005;C00199	b2029	P00350	P00350			325.0	8	6-phospho-D-gluconate	Thermotoga maritima		80.0	7.5		brenda		0.0	True
H2Ot			forward	H2O H2O	C00001	H2O H2O	C00001	b0875	P60844	P60844	missing			17										True
H2Ot			reverse	H2O H2O	C00001	H2O H2O	C00001	b0875	P60844	P60844	missing			17										True
ICDHyr	R00267	1.1.1.42	forward	Isocitrate;Nicotinamide adenine dinucleotide phosphate	C00311;C00006	2-Oxoglutarate;CO2 CO2;Nicotinamide adenine dinucleotide phosphate - reduced	C00026;C00011;C00005	b1136	P08200	P08200			467.0	0	NADP+;Isocitrate	Escherichia coli	P08200	40.0	7.5	wildtype	sabio_rk	100.0	0.0	True
ICDHyr	R00267	1.1.1.42	reverse	2-Oxoglutarate;CO2 CO2;Nicotinamide adenine dinucleotide phosphate - reduced	C00026;C00011;C00005	Isocitrate;Nicotinamide adenine dinucleotide phosphate	C00311;C00006	b1136	P08200	P08200			14.9	0	CO2;2-Oxoglutarate;H+;NADPH	Escherichia coli	P08200	21.0	7.3	wildtype	sabio_rk	100.0	0.0	True
ICL	R00479	4.1.3.1	forward	Isocitrate	C00311	Glyoxylate;Succinate	C00048;C00042	b4015	P0A9G6	P0A9G6			17.6	5	isocitrate	Pyricularia oryzae	P0CT06	37.0	7.0	wildtype	brenda	29.933774834437084	0.0	True
LDH_D	R00704	1.1.1.28	forward	D-Lactate;Nicotinamide adenine dinucleotide	C00256;C00003	H+;Nicotinamide adenine dinucleotide - reduced;Pyruvate	C00080;C00004;C00022	b2133	P06149	P06149			260.0	5	D-Lactate;NAD+	Lactobacillus plantarum	Q88VJ2	30.0	7.5	wildtype	sabio_rk	22.523744911804613	1.0	True
LDH_D	R00704	1.1.1.28	reverse	H+;Nicotinamide adenine dinucleotide - reduced;Pyruvate	C00080;C00004;C00022	D-Lactate;Nicotinamide adenine dinucleotide	C00256;C00003	b2133	P06149	P06149			1500.0	5	Pyruvate;NADH;H+	Lactobacillus plantarum	Q88VJ2	30.0	7.0	wildtype	sabio_rk	22.523744911804613	1.0	True
LDH_D	R00704	1.1.1.28	forward	D-Lactate;Nicotinamide adenine dinucleotide	C00256;C00003	H+;Nicotinamide adenine dinucleotide - reduced;Pyruvate	C00080;C00004;C00022	b1380	P52643	P52643			260.0	5	D-Lactate;NAD+	Lactobacillus plantarum	Q88VJ2	30.0	7.5	wildtype	sabio_rk	29.607843137254903	1.0	True
LDH_D	R00704	1.1.1.28	reverse	H+;Nicotinamide adenine dinucleotide - reduced;Pyruvate	C00080;C00004;C00022	D-Lactate;Nicotinamide adenine dinucleotide	C00256;C00003	b1380	P52643	P52643			1500.0	5	Pyruvate;NADH;H+	Lactobacillus plantarum	Q88VJ2	30.0	7.0	wildtype	sabio_rk	29.607843137254903	1.0	True
MALS	R00472	2.3.3.9	forward	Acetyl-CoA;Glyoxylate;H2O H2O	C00024;C00048;C00001	Coenzyme A;H+;L-Malate	C00010;C00080;C00149	b4014	P08997	P08997			23.0	5	glyoxylate	Mycobacterium tuberculosis	P9WK17	25.0	7.5	wildtype	brenda	23.929961089494164	0.0	True
MALS	R00472	2.3.3.9	forward	Acetyl-CoA;Glyoxylate;H2O H2O	C00024;C00048;C00001	Coenzyme A;H+;L-Malate	C00010;C00080;C00149	b2976	P37330	P37330			23.0	5	glyoxylate	Mycobacterium tuberculosis	P9WK17	25.0	7.5	wildtype	brenda	44.80712166172107	0.0	True
MALt2_2			forward	H+;L-Malate	C00080;C00149	H+;L-Malate	C00080;C00149	b3528	P0A830	P0A830	missing			17										True
MDH	R00342	1.1.1.37	forward	L-Malate;Nicotinamide adenine dinucleotide	C00149;C00003	H+;Nicotinamide adenine dinucleotide - reduced;Oxaloacetate	C00080;C00004;C00036	b3236	P61889	P61889			931.0	4	oxaloacetate	Escherichia coli	P61889	30.0	7.5	wildtype	brenda	100.0	0.0	True
MDH	R00342	1.1.1.37	reverse	H+;Nicotinamide adenine dinucleotide - reduced;Oxaloacetate	C00080;C00004;C00036	L-Malate;Nicotinamide adenine dinucleotide	C00149;C00003	b3236	P61889	P61889			931.0	0	oxaloacetate	Escherichia coli	P61889	30.0	7.5	wildtype	brenda	100.0	0.0	True
MDH	R00342	1.1.1.299	forward	L-Malate;Nicotinamide adenine dinucleotide	C00149;C00003	H+;Nicotinamide adenine dinucleotide - reduced;Oxaloacetate	C00080;C00004;C00036	b3236	P61889	P61889			138.0	7	L-malate	Flavobacterium frigidimaris		40.0			brenda		0.0	True
MDH	R00342	1.1.1.299	reverse	H+;Nicotinamide adenine dinucleotide - reduced;Oxaloacetate	C00080;C00004;C00036	L-Malate;Nicotinamide adenine dinucleotide	C00149;C00003	b3236	P61889	P61889			444.0	8	oxaloacetate	Ignicoccus islandicus		70.0	7.0		brenda		0.0	True
ME1	R00214	1.1.1.38	forward	L-Malate;Nicotinamide adenine dinucleotide	C00149;C00003	CO2 CO2;Nicotinamide adenine dinucleotide - reduced;Pyruvate	C00011;C00004;C00022	b1479	P26616	P26616			207.9	5	L-Malate;NAD+	Homo sapiens	P23368	30.0	7.4	wildtype	sabio_rk	32.986111111111114	0.0	True
ME1	R00214	1.1.1.39	forward	L-Malate;Nicotinamide adenine dinucleotide	C00149;C00003	CO2 CO2;Nicotinamide adenine dinucleotide - reduced;Pyruvate	C00011;C00004;C00022	b1479	P26616	P26616			206.4	5	L-Malate;NAD+	Homo sapiens	P23368	30.0	7.4	wildtype	sabio_rk	32.986111111111114	0.0	True
ME2	R00216	1.1.1.40	forward	L-Malate;Nicotinamide adenine dinucleotide phosphate	C00149;C00006	CO2 CO2;Nicotinamide adenine dinucleotide phosphate - reduced;Pyruvate	C00011;C00005;C00022	b2463	P76558	P76558			369.0	5	L-Malate;NADP+	Columba livia	P40927	30.0	7.4	wildtype	sabio_rk	22.646784715750233	0.0	True
NADTRHD	R00112	1.6.1.3	forward	Nicotinamide adenine dinucleotide;Nicotinamide adenine dinucleotide phosphate - reduced	C00003;C00005	Nicotinamide adenine dinucleotide - reduced;Nicotinamide adenine dinucleotide phosphate	C00004;C00006	b3962	P27306	P27306				17										True
NADTRHD	R00112	1.6.1.3	forward	Nicotinamide adenine dinucleotide;Nicotinamide adenine dinucleotide phosphate - reduced	C00003;C00005	Nicotinamide adenine dinucleotide - reduced;Nicotinamide adenine dinucleotide phosphate	C00004;C00006	b1602;b1603	P0AB67;P07001			none		17										True
NADTRHD	R00112	1.6.1.2	forward	Nicotinamide adenine dinucleotide;Nicotinamide adenine dinucleotide phosphate - reduced	C00003;C00005	Nicotinamide adenine dinucleotide - reduced;Nicotinamide adenine dinucleotide phosphate	C00004;C00006	b3962	P27306	P27306	transferred			17										True
NADTRHD	R00112	1.6.1.1	forward	Nicotinamide adenine dinucleotide;Nicotinamide adenine dinucleotide phosphate - reduced	C00003;C00005	Nicotinamide adenine dinucleotide - reduced;Nicotinamide adenine dinucleotide phosphate	C00004;C00006	b3962	P27306	P27306			259.5	5	thio-NAD+	Escherichia coli	P27306	35.0	7.5		brenda	100.0	0.0	True
NADTRHD	R00112	1.6.1.1	forward	Nicotinamide adenine dinucleotide;Nicotinamide adenine dinucleotide phosphate - reduced	C00003;C00005	Nicotinamide adenine dinucleotide - reduced;Nicotinamide adenine dinucleotide phosphate	C00004;C00006	b1602;b1603	P0AB67;P07001			none	259.5	10	thio-NAD+	Escherichia coli		35.0	7.5		brenda		0.0	True
NH4t			forward	Ammonium	C00014	Ammonium	C00014	b0451	P69681	P69681	missing			17										True
NH4t			reverse	Ammonium	C00014	Ammonium	C00014	b0451	P69681	P69681	missing			17										True
PDH	R00209	1.8.1.4	forward	Coenzyme A;Nicotinamide adenine dinucleotide;Pyruvate	C00010;C00003;C00022	Acetyl-CoA;CO2 CO2;Nicotinamide adenine dinucleotide - reduced	C00024;C00011;C00004	b0114;b0115;b0116	P0A9P0;P0AFG8;P06959	P0A9P0			176.4	4	NAD+;Dihydrolipoamide	Escherichia coli	P0A9P0	25.0	7.98	wildtype	sabio_rk	100.0	0.0	True
PDH	R00209	1.2.1.51	forward	Coenzyme A;Nicotinamide adenine dinucleotide;Pyruvate	C00010;C00003;C00022	Acetyl-CoA;CO2 CO2;Nicotinamide adenine dinucleotide - reduced	C00024;C00011;C00004	b0114;b0115;b0116	P0A9P0;P0AFG8;P06959			none		17										True
PDH	R00209	1.2.4.1	forward	Coenzyme A;Nicotinamide adenine dinucleotide;Pyruvate	C00010;C00003;C00022	Acetyl-CoA;CO2 CO2;Nicotinamide adenine dinucleotide - reduced	C00024;C00011;C00004	b0114;b0115;b0116	P0A9P0;P0AFG8;P06959	P0AFG8			37.9	1	pyruvate	Escherichia coli	P0AFG8	30.0		wildtype	brenda	100.0	0.0	True
PDH	R00209	2.3.1.12	forward	Coenzyme A;Nicotinamide adenine dinucleotide;Pyruvate	C00010;C00003;C00022	Acetyl-CoA;CO2 CO2;Nicotinamide adenine dinucleotide - reduced	C00024;C00011;C00004	b0114;b0115;b0116	P0A9P0;P0AFG8;P06959	P06959			2.4	11	acetyl-CoA	Azotobacter vinelandii				wildtype	brenda		0.0	True
